1,AARTIPHARM,INE0LRU01027,533.15,20
2,HEALTHIETF,INF109KC1Q72,115.67,20
3,JLHL,INE682M01012,1063.9,20
4,DPSCLTD,INE360C01024,24.2,25.34
5,PONNIERODE,INE838E01017,422.35,20
6,HDFCSENSEX,INF179KC1973,790.93,6
7,DEEPAKNTR,INE288B01029,2305.9,20
8,THANGAMAYL,INE085J01014,1355.15,20
9,NAVNETEDUL,INE060A01024,153.5,20
10,TVSSCS,INE395N01027,193.25,20
11,RELINFRA,INE036A01016,231.05,21.1
12,NFL,INE870D01012,126,20.22
13,PROZONER,INE195N01013,38.55,22.44
14,JAYAGROGN,INE785A01026,256.1,20
15,MARUTI,INE585B01010,10186.9,9
16,SWANENERGY,INE665A01038,639.05,20.27
17,ALBERTDAVD,INE155C01010,1434.4,20
18,ASAHISONG,INE228I01012,325.7,20
19,KMSUGAR,INE157H01023,32.75,20
20,ASHIMASYN,INE440A01010,20.2,21.18
21,SIGIND,INE529F01035,80.8,20
22,ESG,INF769K01GS9,35.94,20
23,YUKEN,INE384C01016,699.6,20
24,RAJESHEXPO,INE343B01030,365.6,20
25,IGPL,INE204A01010,500.2,20
26,BLUESTARCO,INE472A01039,1139.5,20
27,SGBJAN29IX,IN0020200377,6240,10
28,ITI,INE248A01017,341.05,23.81
29,RUSTOMJEE,INE263M01029,711.55,20
30,BECTORFOOD,INE495P01012,1189.35,20
31,SGBMAR25,IN0020160126,6235.03,10
32,MOVALUE,INF247L01BE5,86.66,20
33,INDIAGLYCO,INE560A01015,908.15,20
34,TRIGYN,INE948A01012,155.85,20
35,VSTTILLERS,INE764D01017,3331.25,20
36,SGBSEP27,IN0020190115,6235,10
37,SGBNOV25VI,IN0020170083,6250,10
38,RECLTD,INE020B01018,499.05,20
39,AXISCETF,INF846K016C7,97.87,20
40,IDFNIFTYET,INF194KA1U07,233.44,9.49
41,SGBAUG27,IN0020190107,6299.72,10
42,VERANDA,INE0IQ001011,273.5,22.84
43,JUBLINDS,INE645L01011,608.3,20
44,PASUPTAC,INE818B01023,43.15,20
45,CENTRUM,INE660C01027,34,21.02
46,UCAL,INE139B01016,163.9,20
47,SGBMAY26,IN0020180033,6324,10
48,BLUEJET,INE0KBH01020,354.15,20
49,FLUOROCHEM,INE09N301011,3684.15,20
50,DHUNINV,INE320L01011,1492.95,21.85
51,STARPAPER,INE733A01018,282,20
52,CHEMPLASTS,INE488A01050,493.3,20
53,PAGEIND,INE761H01022,37314.1,20
54,GOKULAGRO,INE314T01025,125.75,20
55,RUSHIL,INE573K01017,359.3,20
56,EICHERMOT,INE066A01021,3839.6,10.25
57,VISHNU,INE270I01022,323.75,20
58,GUJALKALI,INE186A01019,791.9,20
59,NMDC,INE584A01023,219.85,20
60,KIRLOSENG,INE146L01010,710.9,20
61,DHANI,INE274G01010,38.4,21.1
62,PNC,INE392B01011,56.65,22.49
63,MOIL,INE490G01020,347,20
64,NIFMID150,INF789F1AYX9,178.29,10.86
65,ANANTRAJ,INE242C01024,318.1,20
66,CREATIVE,INE985W01018,830.05,20
67,TIINDIA,INE974X01010,3898.05,20
68,SENSEXIETF,INF346A01034,801.32,9.25
69,CHAMBLFERT,INE085A01013,366.85,20
70,PLASTIBLEN,INE083C01022,304.25,20
71,GILLANDERS,INE047B01011,137.6,100
72,KIRLPNU,INE811A01020,675.85,20
73,INFRAIETF,INF109KC16E5,80.25,20
74,SGBNOV25,IN0020170091,6230,10
75,RUCHIRA,INE803H01014,160.2,20
76,TRU,INE615R01029,75.45,22.61
77,JSWHL,INE824G01012,6161.8,20
78,HSCL,INE019C01026,374.35,100
79,RCF,INE027A01015,183.15,20
80,COMMOIETF,INF109KC19O8,79.77,20
81,NATHBIOGEN,INE448G01010,219.65,20
82,SANDHAR,INE278H01035,480,20
83,NCC,INE868B01028,215.45,20
84,IREDA,INE202E01016,181.8,20
85,KECL,INE134B01017,150.9,22.3
86,LORDSCHLO,INE846D01012,141.7,20
87,STOVEKRAFT,INE00IN01015,443.45,20
88,MEDICAMEQ,INE646B01010,539.95,20
89,AXISHCETF,INF846K01Z12,115.7,20
90,VENUSPIPES,INE0JA001018,1456.2,20
91,TITAN,INE280A01028,3697.55,9
92,IFGLEXPOR,INE133Y01011,824.95,20.49
93,BASF,INE373A01013,3037.7,20
94,TV18BRDCST,INE886H01027,62.85,100
95,DJML,INE0B1K01014,160.05,20
96,NIFTYIETF,INF109K012R6,238.95,6
97,NAHARCAP,INE049I01012,327.2,20
98,HDFCBANK,INE040A01034,1462.55,9
99,HINDALCO,INE038A01020,579.35,12.37
100,LIQUIDBEES,INF732E01037,1000,10
101,JPOLYINVST,INE147P01019,699.5,23.01
102,ATAM,INE09KD01013,201,20
103,SURANAT&P,INE130B01031,19,20
104,NV20IETF,INF109KB1WY5,132.05,20
105,POWERINDIA,INE07Y701011,5929.85,20
106,TATACONSUM,INE192A01025,1118,9
107,SUBEXLTD,INE754A01055,37.55,22.64
108,VHL,INE701A01023,3368.5,20
109,MEDICO,INE630Y01024,82.45,20
110,MOMOMENTUM,INF247L01BK2,58.45,20
111,SGBMAR30X,IN0020210319,6235.32,10
112,YATRA,INE0JR601024,178.7,20
113,TATVA,INE0GK401011,1339.6,20
114,TANLA,INE483C01032,1030.2,20.35
115,NPBET,INF277K010X4,241.32,20
116,TORNTPHARM,INE685A01028,2531.1,20
117,ARMANFIN,INE109C01017,2332.8,20
118,INOXGREEN,INE510W01014,133,100
119,YESBANK,INE528G01035,24.1,20
120,ASAL,INE900C01027,466.9,20
121,MAHEPC,INE215D01010,147.75,20
122,COLPAL,INE259A01022,2569.1,20
123,NRBBEARING,INE349A01021,344.15,20
124,ROSSARI,INE02A801020,796.45,20
125,SGBJUN30,IN0020220045,6237.19,10
126,SHRIRAMPPS,INE217L01019,127.55,20
127,SGBOCT25IV,IN0020170067,6298.95,10
128,IVP,INE043C01018,237.85,100
129,SHAKTIPUMP,INE908D01010,1478.3,23.06
130,GANESHHOUC,INE460C01014,737.7,21.44
131,FMCGIETF,INF109KC1R48,569.98,20
132,DMART,INE192R01011,3792.7,20
133,CORDSCABLE,INE792I01017,141.8,21.67
134,AARVEEDEN,INE273D01019,30.25,22.59
135,KAYA,INE587G01015,355.6,20
136,SANOFI,INE058A01010,8663.65,20
137,SULA,INE142Q01026,663.3,20
138,BANKETF,INF769K01KR3,459.88,20
139,ABSLLIQUID,INF209KB18T9,999.99,10
140,TPLPLASTEH,INE413G01022,58.45,22.81
141,INDUSTOWER,INE121J01017,221.95,20
142,MOLOWVOL,INF247L01BL0,33.61,20
143,RICOAUTO,INE209B01025,101.8,20
144,UCOBANK,INE691A01018,46.5,20
145,IRIS,INE864K01010,134.75,20.16
146,DOMS,INE321T01012,1404.55,20
147,JUNIORBEES,INF732E01045,587.7,6
148,KFINTECH,INE138Y01010,620.7,20
149,FORTIS,INE061F01013,431.9,20
150,LAMBODHARA,INE112F01022,199,25.42
151,SOUTHWEST,INE980Y01015,170.45,20
152,BERGEPAINT,INE463A01038,565.15,20
153,OIL,INE274J01014,426.5,20
154,SCHNEIDER,INE839M01018,472,20
155,ITC,INE154A01025,441.55,9
156,LICNETFGSC,INF767K01MV5,24.83,10
157,AARVI,INE754X01016,150.15,22.8
158,ORIENTBELL,INE607D01018,374.45,20
159,EMAMILTD,INE548C01032,499.85,20
160,ZUARIIND,INE217A01012,290.75,20.62
161,SPLIL,INE978G01016,73.55,20.12
162,AHL,INE00ZE01026,326.65,20
163,CONTROLPR,INE663B01015,1006.5,20
164,EBBETF0431,INF754K01LE1,1187.5,20
165,IMFA,INE919H01018,657.4,20
166,PRIMESECU,INE032B01021,177.95,20
167,L&TFH,INE498L01015,173.2,20
168,PFS,INE560K01014,62.2,24.58
169,3MINDIA,INE470A01017,34408.35,20
170,CONFIPET,INE552D01024,85.25,20
171,GUJGASLTD,INE844O01030,581.3,20
172,SETF10GILT,INF200KA1JT1,224.14,10
173,WHIRLPOOL,INE716A01013,1348.65,20
174,SOTL,INE035D01020,417.4,20
175,CONSUMBEES,INF204KA1LD7,105.51,20
176,VIDHIING,INE632C01026,409.85,20
177,BBTCL,INE01EE01011,262.65,20
178,ADVENZYMES,INE837H01020,380.7,20
179,AXSENSEX,INF846K010Q0,72.36,6
180,VTL,INE825A01020,427.8,20
181,MAXESTATES,INE03EI01018,291.85,20
182,ICICIB22,INF109KB15Y7,95.89,20
183,JYOTHYLAB,INE668F01031,515.15,20
184,MIRZAINT,INE771A01026,58.55,100
185,INDIANB,INE562A01011,498.85,20
186,MANKIND,INE634S01028,1999.95,20
187,SARDAEN,INE385C01021,250.4,20
188,LAOPALA,INE059D01020,367.5,20
189,GMDCLTD,INE131A01031,458,23.96
190,GHCLTEXTIL,INE0PA801013,80.05,20
191,SESHAPAPER,INE630A01024,345.2,20
192,ASTRAL,INE006I01046,1830.4,20
193,TINPLATE,INE422C01014,430.5,100
194,SONACOMS,INE073K01018,618.2,20
195,HAVELLS,INE176B01034,1294.4,20
196,INTELLECT,INE306R01017,900.75,20
197,MAITHANALL,INE683C01011,1094.8,20
198,OPTIEMUS,INE350C01017,300.2,23.09
199,SAFARI,INE429E01023,2031.9,20
200,KKCL,INE401H01017,766.4,20
201,SRGHFL,INE559N01010,279.85,20
202,SAHYADRI,INE280H01015,440.9,20
203,BALPHARMA,INE083D01012,126.25,20
204,PFIZER,INE182A01018,4323,20
205,SADHNANIQ,INE888C01040,85.65,20
206,MADRASFERT,INE414A01015,114.85,22.85
207,RESPONIND,INE688D01026,299.8,20.12
208,MCX,INE745G01035,3414.05,20
209,DRREDDY,INE089A01023,6121.15,9
210,BHAGCHEM,INE414D01019,1433.25,20
211,VASWANI,INE590L01019,32.95,23.98
212,DREDGECORP,INE506A01018,794.85,100
213,CARERATING,INE752H01013,1030.9,20
214,TVTODAY,INE038F01029,250.1,20
215,PGEL,INE457L01011,1930.75,20
216,OSWALGREEN,INE143A01010,41.75,22.09
217,ARVIND,INE034A01011,315,20
218,APCOTEXIND,INE116A01032,480.45,20
219,DCMNVL,INE08KP01019,193.15,20
220,DCBBANK,INE503A01015,138.35,20
221,RACE,INE084Q01012,365.45,20
222,RRKABEL,INE777K01022,1433.35,20
223,JSWINFRA,INE880J01026,215,20
224,RADIANTCMS,INE855R01021,89.95,20
225,DSPITETF,INF740KA1SX1,36.95,20
226,BIOCON,INE376G01013,268.4,20
227,BIRLACORPN,INE340A01012,1532.85,20
228,MAYURUNIQ,INE040D01038,568.2,20
229,CHEMCON,INE03YM01018,274.35,20
230,VADILALIND,INE694D01016,3098.7,20
231,DCXINDIA,INE0KL801015,344.6,20
232,DSPSENXETF,INF740KA1SZ6,72.52,8.12
233,SIRCA,INE792Z01011,381.7,20
234,ANDHRAPAP,INE435A01028,621.1,20
235,ALMONDZ,INE326B01027,125.35,100
236,GRMOVER,INE192H01020,203.55,20
237,PIIND,INE603J01030,3372.65,20
238,INDUSINDBK,INE095A01012,1534.05,11.75
239,STERTOOLS,INE334A01023,378.6,20
240,TATAPOWER,INE245A01021,389.75,20
241,NAHARINDUS,INE289A01011,138.9,20
242,BANG,INE863I01016,55.5,100
243,FILATEX,INE816B01035,61.95,20
244,BRITANNIA,INE216A01030,5198.4,9
245,MSTCLTD,INE255X01014,1060.85,22.95
246,INDRAMEDCO,INE681B01017,188.8,100
247,AXISILVER,INF846K011K1,73.23,20
248,IOLCP,INE485C01011,443.15,20
249,HDFCMOMENT,INF179KC1HV6,29.08,20
250,SDL26BEES,INF204KC1022,118.21,20
251,MARSHALL,INE00SZ01018,44.5,21.77
252,HNDFDS,INE254N01026,541.4,20
253,SGBNOV258,IN0020170109,6235,10
254,SGBOCT27VI,IN0020190388,6213.8,10
255,ORISSAMINE,INE725E01024,7426.4,21.96
256,BPCL,INE029A01011,502.35,10.14
257,ROTO,INE535D01029,431.6,20
258,SGBDE30III,IN0020220110,6313.5,10
259,GULPOLY,INE255D01024,203.3,20
260,ABB,INE117A01022,4671.6,20
261,APTUS,INE852O01025,374.65,20
262,SBC,INE04AK01028,27.95,22.72
263,NITINSPIN,INE229H01012,361.8,20
264,GOLDBEES,INF204KB17I5,53.35,20
265,KOTAKPSUBK,INF373I01023,624.29,20
266,SGBSEP24,IN0020160043,6231,10
267,GEECEE,INE916G01016,279,20
268,ALPHAGEO,INE137C01018,367.25,20
269,CYBERTECH,INE214A01019,187.8,21.05
270,SOLARA,INE624Z01016,384.3,20
271,MOM50,INF247L01536,220.1,6.18
272,SHALBY,INE597J01018,307.75,20
273,CEATLTD,INE482A01020,2650.5,20
274,MORARJEE,INE161G01027,29,100
275,NSLNISP,INE0NNS01018,69.65,20
276,SGBOCT25V,IN0020170075,6320,10
277,MRF,INE883A01011,142577.4,20
278,APOLLOPIPE,INE126J01016,682.15,20
279,UTIBANKETF,INF789F1AUV1,46.68,20
280,SGBJUN28,IN0020200104,6242.16,10
281,VALIANTORG,INE565V01010,485.85,20
282,SYNGENE,INE398R01022,750.5,20
283,INFOBEAN,INE344S01016,418.5,20
284,INOXINDIA,INE616N01034,915.6,20
285,ACC,INE012A01025,2544.3,20
286,SIYSIL,INE076B01028,531.35,20
287,GOLDSHARE,INF789F1AUX7,53.3,20
288,TERASOFT,INE482B01010,63.4,100
289,VINEETLAB,INE505Y01010,73.35,100
290,GRINDWELL,INE536A01023,2368.55,20
291,SHREECEM,INE070A01015,28556.25,20
292,ITIETF,INF109KC16I6,38.75,20
293,PHARMABEES,INF204KC1089,18.23,20
294,LGBFORGE,INE201J01017,12.7,21.54
295,NEOGEN,INE136S01016,1463.55,20
296,CLEAN,INE227W01023,1493.55,20
297,GRSE,INE382Z01011,930.95,20.27
298,TVSELECT,INE236G01019,353.6,20
299,SUKHJITS,INE450E01011,538.5,20
300,SPECIALITY,INE247M01014,254.95,20
301,JINDALPHOT,INE796G01012,598,26.16
302,GANGESSECU,INE335W01016,129.15,20
303,ROLEXRINGS,INE645S01016,2399,20
304,WENDT,INE274C01019,13070.25,20
305,UNIVPHOTO,INE03V001013,431.1,20.04
306,FLAIR,INE00Y201027,329.35,20
307,HCLTECH,INE860A01027,1576,9.14
308,JUBLPHARMA,INE700A01033,571.45,20
309,TIMKEN,INE325A01013,3387.7,20
310,SGBMAR28X,IN0020190552,6246.15,10
311,SGBSEP31II,IN0020230093,6302.44,10
312,ASPINWALL,INE991I01015,304.45,20.94
313,IIFL,INE530B01024,623.45,20
314,AYMSYNTEX,INE193B01039,81.35,20
315,SBFC,INE423Y01016,89.95,20
316,GOKUL,INE020J01029,62.4,100
317,PRITI,INE974Z01015,217.95,100
318,SALZERELEC,INE457F01013,414.2,20
319,EROSMEDIA,INE416L01017,25.75,23.58
320,ARE&M,INE885A01032,889.05,20
321,NIITLTD,INE161A01038,124.3,21.13
322,ADANIENSOL,INE931S01010,1067.85,24.81
323,KAYNES,INE918Z01012,2831.3,20
324,RAMKY,INE874I01013,920.7,20
325,ADORWELD,INE045A01017,1602.6,20
326,DIL,INE411Y01011,9.5,22.67
327,HEXATRADEX,INE750M01017,154.75,20
328,STARCEMENT,INE460H01021,186.35,20
329,SPARC,INE232I01014,382.25,100
330,SGBJUL25,IN0020170034,6260,10
331,MUKTAARTS,INE374B01019,79.4,100
332,TI,INE133E01013,244.05,20
333,REPRO,INE461B01014,832.3,20
334,EXIDEIND,INE302A01020,334.95,20
335,THERMAX,INE152A01029,3181.25,20
336,INDOCO,INE873D01024,372.3,20
337,DMCC,INE505A01010,312.7,20
338,NEXT50IETF,INF109KC1NS5,57.24,6.1
339,PALREDTEC,INE218G01033,207.05,23.25
340,VAISHALI,INE972X01014,179.95,20.68
341,DECCANCE,INE583C01021,616.75,20
342,GOKEX,INE887G01027,927.85,20
343,GILLETTE,INE322A01010,6585.9,20
344,DHAMPURSUG,INE041A01016,264.2,20
345,MODISONLTD,INE737D01021,158.7,21.78
346,IVC,INE050B01023,12,100
347,MOTILALOFS,INE338I01027,1788.4,20
348,ZAGGLE,INE07K301024,234.5,20
349,SGBOCT27,IN0020190370,6225.83,10
350,UDS,INE851I01011,358.8,20
351,SHANTIGEAR,INE631A01022,546.65,20
352,RBL,INE244J01017,872.4,20
353,JSWSTEEL,INE019A01038,818.65,9.94
354,TDPOWERSYS,INE419M01027,302.4,20
355,BAJAJHLDNG,INE118A01012,8366.3,20
356,RAMANEWS,INE278B01020,18.95,21.25
357,TTML,INE517B01013,92.7,20.23
358,IDEAFORGE,INE349Y01013,712.25,20
359,M&MFIN,INE774D01024,289.2,20
360,JAYSREETEA,INE364A01020,120.25,20
361,EMAMIREAL,INE778K01012,117.85,100
362,GSLSU,INE0JSX01015,300.2,20
363,GANESHBE,INE388A01029,199.25,20
364,MOM30IETF,INF109KC17C7,29.41,20
365,ORICONENT,INE730A01022,39.5,21.69
366,MANGALAM,INE584F01014,108.35,20
367,ROHLTD,INE283H01019,356.6,20.32
368,KNRCON,INE634I01029,276.6,20
369,UTINIFTETF,INF789F1AZC0,233.18,6
370,MALLCOM,INE389C01015,1065.5,20
371,ITDC,INE353K01014,635.55,20
372,NAVKARCORP,INE278M01019,113.05,23.37
373,CTE,INE627H01017,81.45,24.04
374,IFCI,INE039A01010,61.05,27.71
375,HATHWAY,INE982F01036,23.95,20
376,SUTLEJTEX,INE645H01027,65.7,20
377,SHREYAS,INE757B01015,294.15,23.24
378,SMARTLINK,INE178C01020,183.85,20
379,INNOVACAP,INE0DUT01020,517.05,20
380,SASKEN,INE231F01020,1451,20
381,RAIN,INE855B01025,174.25,20
382,DISHTV,INE836F01026,19.85,25.34
383,IRFC,INE053F01010,175.15,22.12
384,ALLSEC,INE835G01018,786.7,20
385,STYLAMIND,INE239C01020,1641.25,20
386,WIPRO,INE075A01022,478.15,9.38
387,JTLIND,INE391J01024,269.9,20
388,TATATECH,INE142M01025,1111.4,20
389,ATUL,INE100A01010,6431.25,20
390,GMRINFRA,INE776C01039,78.35,20
391,MONTECARLO,INE950M01013,694.6,20
392,NIACL,INE470Y01017,243.25,20.19
393,DIVISLAB,INE361B01024,3670.6,10.45
394,RSWM,INE611A01016,226.85,20
395,KPIGREEN,INE542W01017,1821.1,22.47
396,MTNL,INE153A01019,49.85,25.25
397,MAKEINDIA,INF769K01IB1,114,20
398,ASTERDM,INE914M01019,442.65,20
399,INDIANHUME,INE323C01030,246.5,20
400,SENCO,INE602W01019,788.25,20
401,SHARDACROP,INE221J01015,397.35,20
402,CENTURYTEX,INE055A01016,1425.95,20
403,GULFPETRO,INE586G01017,73.05,20
404,SGBAPR28I,IN0020200062,6283.14,10
405,FAZE3Q,INE963C01033,459.55,20
406,SWSOLAR,INE00M201021,566.7,20
407,ABSLAMC,INE404A01024,477.7,20
408,RAMASTEEL,INE230R01035,45.1,20
409,CORALFINAC,INE558D01021,62,100
410,AARTIDRUGS,INE767A01016,526.65,20
411,LAXMICOT,INE801V01019,31.5,22.13
412,ELDEHSG,INE668G01021,801.25,20
413,BANKBEES,INF204KB15I9,468.76,20
414,IDFC,INE043D01016,119.45,20
415,SWELECTES,INE409B01013,765.25,25.12
416,BIRLAMONEY,INE865C01022,123.7,100
417,DIVOPPBEES,INF204KA1MS3,71.58,20
418,MURUDCERA,INE692B01014,53.75,100
419,ICEMAKE,INE520Y01019,580.3,20.5
420,SGBAUG29V,IN0020210129,6255.64,10
421,VINYLINDIA,INE250B01029,434.25,20
422,TCIEXP,INE586V01016,1376.7,20
423,HAPPYFORGE,INE330T01021,989.75,20
424,TRENT,INE849A01020,3086.95,20
425,EBBETF0430,INF754K01KO2,1331.24,20
426,ALANKIT,INE914E01040,18.7,100
427,MFSL,INE180A01020,890.3,20
428,GLS,INE03Q201024,872.55,20
429,DIVGIITTS,INE753U01022,929.8,20
430,USK,INE0N0Y01013,53,20
431,FINCABLES,INE235A01022,1100.2,20
432,PVRINOX,INE191H01014,1455,20
433,TATACHEM,INE092A01019,1028.05,20
434,UFO,INE527H01019,162.25,20
435,KAJARIACER,INE217B01036,1384,20
436,BHAGERIA,INE354C01027,166,20
437,SILVERBEES,INF204KC1402,70.59,20
438,APLLTD,INE901L01018,960.5,20
439,CAPLIPOINT,INE475E01026,1448.35,20
440,SGBNV29VII,IN0020210178,6239.49,10
441,ARVSMART,INE034S01021,535.4,20
442,CANTABIL,INE068L01024,253.35,20
443,POLYCAB,INE455K01017,4343.15,20
444,IMPAL,INE547E01014,1094.75,20
445,SANGINITA,INE753W01010,29.25,100
446,HDFCNIF100,INF179KC1HR4,22.33,6.97
447,BSOFT,INE836A01035,848.45,20
448,AJANTPHARM,INE031B01049,2174.25,20
449,PYRAMID,INE0MIS01010,185.35,20
450,ALKALI,INE773I01017,150.65,21.44
451,GEPIL,INE878A01011,247.25,20.64
452,MANALIPETC,INE201A01024,78.75,20
453,ACI,INE128X01021,633.5,20
454,MARALOVER,INE882A01013,92.05,24.02
455,HONAUT,INE671A01010,38687.5,20
456,SIEMENS,INE003A01024,4140.4,20
457,HAL,INE066F01020,2999.4,20
458,MAZDOCK,INE249Z01012,2290.95,20.31
459,ENERGYDEV,INE306C01019,31,100
460,SILVERTUC,INE625X01018,689.95,20
461,HINDCOPPER,INE531E01026,289.05,20
462,TRIDENT,INE064C01022,47.6,20
463,SGBJUN29II,IN0020210061,6225.71,10
464,DAMODARIND,INE497D01022,57.2,20.95
465,SARLAPOLY,INE453D01025,62.25,20.62
466,AUBANK,INE949L01017,636.6,20
467,TIDEWATER,INE484C01030,1613.55,20
468,AIRAN,INE645W01026,30.9,100
469,MOREPENLAB,INE083A01026,52.8,20
470,SDL24BEES,INF204KB18W4,118.69,20
471,SGBAUG24,IN0020160027,6255.72,10
472,KDDL,INE291D01011,2767.2,20
473,IIFLSEC,INE489L01022,169.75,20
474,SHYAMCENT,INE979R01011,26.2,100
475,SAH,INE035801013,112.7,20
476,CREST,INE559D01011,449.7,23.3
477,AAATECH,INE0D0U01013,95.1,100
478,UPL,INE628A01036,537.7,9.6
479,SGBJUL27,IN0020190081,6230,10
480,MARKSANS,INE750C01026,155.35,20
481,SAREGAMA,INE979A01025,348.45,20
482,SHIVAMAUTO,INE637H01024,41.9,20
483,LINC,INE802B01019,620.75,20
484,INDOBORAX,INE803D01021,203.85,20
485,AETHER,INE0BWX01014,883.8,20
486,DCAL,INE385W01011,194.45,20
487,SHOPERSTOP,INE498B01024,754.1,20
488,BANARISUG,INE459A01010,2414.35,20
489,DSPPVBKETF,INF740KA1TA7,23.69,20
490,HCC,INE549A01026,45.7,27.36
491,MAXIND,INE0CG601016,217.8,100
492,POLICYBZR,INE417T01026,1002.4,20
493,SILVRETF,INF769K01KG6,71.57,20
494,CENTURYPLY,INE348B01021,785.15,20
495,HDFCLIFE,INE795G01014,576.6,10.01
496,BAJAJELEC,INE193E01025,1047.85,20
497,CLSEL,INE419D01026,253,20
498,NELCO,INE045B01015,793.8,20
499,RSYSTEMS,INE411H01032,514.85,20
500,ATULAUTO,INE951D01028,568.7,20.56
501,NETF,INF277K015R5,228.82,7
502,ECLERX,INE738I01010,2727.15,20
503,HIKAL,INE475B01022,299.85,20
504,NAUKRI,INE663F01024,5031.65,20
505,APARINDS,INE372A01015,6321.3,20
506,TRITURBINE,INE152M01016,376.55,20
507,SOUTHBANK,INE683A01023,34.7,20
508,HOMEFIRST,INE481N01025,984.7,20
509,PUNJABCHEM,INE277B01014,1154.4,20
510,HARDWYN,INE626Z01029,44.35,20.85
511,KRITI,INE479D01038,128.35,20
512,SECURKLOUD,INE650K01021,59.15,100
513,ALOKINDS,INE270A01029,32.5,100
514,SHARIABEES,INF732E01128,499.2,20
515,LTFOODS,INE818H01020,197,20
516,NILKAMAL,INE310A01015,2162.25,20
517,HCL-INSYS,INE236A01020,25.5,100
518,EVERESTIND,INE295A01018,1283.95,20
519,SAKUMA,INE190H01024,25.5,23.85
520,DENORA,INE244A01016,1437.2,23.33
521,BODALCHEM,INE338D01028,86.3,20
522,PEL,INE140A01024,916.1,20
523,COMPUSOFT,INE453B01029,30.35,100
524,GMMPFAUDLR,INE541A01023,1552.1,20
525,AEROFLEX,INE024001021,153.9,20
526,DBOL,INE0I3401014,140,20
527,SIKKO,INE112X01017,83.8,100
528,HDFCBSE500,INF179KC1EZ4,31.29,8.81
529,SUMICHEM,INE258G01013,415.6,20
530,APLAPOLLO,INE702C01027,1503.35,20
531,GOODLUCK,INE127I01024,1061.5,20
532,PATINTLOG,INE529D01014,23.35,25.55
533,MAWANASUG,INE636A01039,97,20
534,LIBERTSHOE,INE557B01019,369.25,100
535,JAYNECOIND,INE854B01010,47.6,20.38
536,KTKBANK,INE614B01018,254.45,20
537,ORIENTCEM,INE876N01018,282.55,20
538,RAYMOND,INE301A01014,1775.35,20
539,POLYPLEX,INE633B01018,1011.7,20
540,MUNJALSHOW,INE577A01027,196.8,20
541,KOPRAN,INE082A01010,267.5,21.69
542,FEDFINA,INE007N01010,131.35,20
543,BOMDYEING,INE032A01023,185.7,21.05
544,SENSEXETF,INF769K01KT9,71.91,9.22
545,GIPCL,INE162A01010,224.55,20
546,SGBJUL28IV,IN0020200146,6244.48,10
547,STEELXIND,INE503B01021,17.35,25.5
548,TRIVENI,INE256C01024,342.25,20
549,VAKRANGEE,INE051B01021,30.15,23.36
550,IFBAGRO,INE076C01018,495.25,20
551,PSPPROJECT,INE488V01015,749.45,20
552,JASH,INE039O01011,1803.1,20
553,SGBOCT25,IN0020170059,6360,10
554,MASTEK,INE759A01021,2848.85,20
555,CARTRADE,INE290S01011,729.4,20
556,PERSISTENT,INE262H01013,8353.15,20
557,LODHA,INE670K01029,1070.1,20
558,RADICO,INE944F01028,1663.9,20
559,AVROIND,INE652Z01017,137.35,20
560,PANACEABIO,INE922B01023,164.5,20
561,HARRMALAYA,INE544A01019,187.05,20
562,RTNINDIA,INE834M01019,88.15,23.3
563,GALAXYSURF,INE600K01018,2757.75,20
564,VASCONEQ,INE893I01013,85.5,22.72
565,NURECA,INE0DSF01015,381.45,20.37
566,ACL,INE666E01020,124.15,20
567,SGBD29VIII,IN0020210228,6212.11,10
568,DSPSILVETF,INF740KA1RE3,70.9,20
569,BALAXI,INE618N01014,443.25,20
570,BAIDFIN,INE020D01022,27.75,20
571,CHEMFAB,INE783X01023,403.1,20
572,AKASH,INE737W01013,40,100
573,HBLPOWER,INE292B01021,537.25,22.45
574,APCL,INE071F01012,217.2,20
575,NATCOPHARM,INE987B01026,865.8,20
576,BANDHANBNK,INE545U01014,229,20
577,SGBAUG28V,IN0020200161,6341.27,10
578,HDFCNIFIT,INF179KC1DX1,373.49,20
579,MGL,INE002S01010,1479.25,20
580,MAHABANK,INE457A01014,55.25,20
581,GODREJIND,INE233A01035,899.9,20
582,SHRIRAMFIN,INE721A01013,2466.8,20
583,FEDERALBNK,INE171A01029,147.3,20
584,LLOYDSENGG,INE093R01011,47.8,25.6
585,DOLLAR,INE325C01035,463.75,20
586,WHEELS,INE715A01015,657.6,20
587,BFUTILITIE,INE243D01012,604.4,20
588,TRIL,INE763I01026,347.8,100
589,DIAMINESQ,INE591D01014,515,20
590,SGBMAY25,IN0020170018,6235,10
591,ONWARDTEC,INE229A01017,563.4,21.72
592,SGBMAR24,IN0020150119,6220,10
593,BOROLTD,INE02PY01013,351.8,20
594,HDFCSILVER,INF179KC1DI2,70.62,20
595,ALKYLAMINE,INE150B01039,2380.85,20
596,PETRONET,INE347G01014,269.1,20
597,LAXMIMACH,INE269B01029,13720.15,20
598,ESCORTS,INE042A01014,2983.25,20
599,ITETF,INF769K01KV5,36.97,20
600,ORBTEXP,INE231G01010,193.2,21.04
601,FCL,INE045J01026,340.7,20
602,BORORENEW,INE666D01022,630.6,20
603,SETFNIF50,INF200KA1FS1,226.99,6
604,SGBN28VIII,IN0020200286,6246.96,10
605,GREENPANEL,INE08ZM01014,399.55,20
606,ABSLBANETF,INF209KB17D5,46.35,20
607,NOCIL,INE163A01018,269.3,20
608,CGPOWER,INE067A01029,468.55,20
609,TARC,INE0EK901012,161.15,100
610,AUTOIETF,INF109KC1Y49,194.83,20
611,SELAN,INE818A01017,522.55,20
612,RUBYMILLS,INE301D01026,250.1,20
613,SPCENET,INE970N01027,34.15,22.72
614,ACLGATI,INE152B01027,125.7,20
615,DIAMONDYD,INE393P01035,1280.6,20
616,TCPLPACK,INE822C01015,2142.65,20
617,PRAKASH,INE603A01013,209.25,20
618,GTPL,INE869I01013,195.1,20
619,CHOLAFIN,INE121A01024,1184.15,20
620,MONARCH,INE903D01011,593.05,20.44
621,SHARDAMOTR,INE597I01028,1371.95,20
622,ABSLNN50ET,INF209KB16D7,56.94,6
623,SETFNN50,INF200KA1598,581,6
624,SEQUENT,INE807F01027,137.95,20.02
625,M&M,INE101A01026,1651.55,9.87
626,UNOMINDA,INE405E01023,690.1,20
627,UGARSUGAR,INE071E01023,80.35,20
628,NACLIND,INE295D01020,74.5,20
629,AVTNPL,INE488D01021,92.15,20
630,GLOBAL,INE291W01029,310.1,24.62
631,RGL,INE722H01024,114.15,20
632,AWL,INE699H01024,355.45,20
633,MMTC,INE123F01029,80.85,25.43
634,AUTOAXLES,INE449A01011,2055.6,20
635,ELGIEQUIP,INE285A01027,614.9,20
636,TOKYOPLAST,INE932C01012,113.85,20
637,MID150BEES,INF204KB1V68,183.04,6
638,RML,INE050H01012,752.85,20
639,FOODSIN,INE976E01023,152.45,20
640,SANDUMA,INE149K01016,3086.15,20
641,SDBL,INE480C01020,277,20
642,AMNPLST,INE275D01022,204.3,20
643,JCHAC,INE782A01015,1179.3,20
644,PGHH,INE179A01014,17245.15,20
645,SANSERA,INE953O01021,1018.5,20
646,RPGLIFE,INE105J01010,1617.15,20
647,HIL,INE557A01011,2979.2,20
648,ASTRON,INE646X01014,36.05,100
649,CANBK,INE476A01014,482,20
650,HBSL,INE550B01022,83.85,100
651,TVSMOTOR,INE494B01023,2001.35,20
652,PNCINFRA,INE195J01029,457.6,20
653,VISHAL,INE755Q01025,22.05,20
654,GAEL,INE036B01030,389.1,20
655,MUNJALAU,INE672B01032,104.85,20
656,UNICHEMLAB,INE351A01035,467.95,20
657,ESTER,INE778B01029,95.85,20
658,OMAXAUTO,INE090B01011,92.75,20
659,SRF,INE647A01010,2325.1,20
660,TIPSINDLTD,INE716B01029,427.2,20
661,DSPN50ETF,INF740KA1CL0,220.89,8.09
662,GEOJITFSL,INE007B01023,85.7,20
663,HEADSUP,INE759V01019,18.8,24.63
664,CHALET,INE427F01016,777.1,20
665,BANKINDIA,INE084A01016,138.95,20
666,ARIES,INE298I01015,290.15,20
667,ZYDUSLIFE,INE010B01027,760.8,20
668,GABRIEL,INE524A01029,383.7,20
669,DCMSRIND,INE843D01027,185.1,20
670,ATL,INE0NN701020,72.15,20
671,KARURVYSYA,INE036D01028,198.35,20
672,ADANIENT,INE423A01024,3142,24.37
673,GODFRYPHLP,INE260B01028,2459.95,20
674,EIFFL,INE546V01010,141.1,20
675,KOTHARIPRO,INE823A01017,158.9,20.6
676,SATINDLTD,INE065D01027,116.75,20
677,SBCL,INE386D01027,588.5,20
678,SOBHA,INE671H01015,1447.75,20.08
679,DATAMATICS,INE365B01017,696.65,21.97
680,PGHL,INE199A01012,5132.5,20
681,PAYTM,INE982J01020,761.2,20
682,CDSL,INE736A01011,1775.05,20
683,MUTHOOTFIN,INE414G01012,1394.95,20
684,GARFIBRES,INE276A01018,3466.8,20
685,HDFCVALUE,INF179KC1DK8,121.57,20
686,MAHLIFE,INE813A01018,561.25,20
687,JKTYRE,INE573A01042,526.85,20
688,NAHARSPING,INE290A01027,322.75,20
689,UBL,INE686F01025,1808.1,20
690,SGBFEB24,IN0020150101,6286.98,10
691,WESTLIFE,INE274F01020,831.5,20
692,BFINVEST,INE878K01010,530.45,20.37
693,COFORGE,INE591G01017,6250.1,20
694,IRISDOREME,INE01GN01025,85.15,20
695,HNGSNGBEES,INF204KB19I1,230.32,8.59
696,AAVAS,INE216P01012,1476.55,20
697,ENGINERSIN,INE510A01028,233.85,20
698,KELLTONTEC,INE164B01022,99.75,20
699,SANGHIIND,INE999B01013,127.25,20.56
700,RAJMET,INE00KV01022,15.9,100
701,AFFLE,INE00WC01027,1241,20
702,VAIBHAVGBL,INE884A01027,496.6,20
703,WSTCSTPAPR,INE976A01021,776,20
704,KPRMILL,INE930H01031,790.15,20
705,EMKAY,INE296H01011,153.7,100
706,VALIANTLAB,INE0JWS01017,202.25,20
707,CONSOFINVT,INE025A01027,282.35,20.85
708,TVSHLTD,INE105A01035,8001.85,20
709,CYIENTDLM,INE055S01018,683.25,20
710,TFCILTD,INE305A01015,182.9,23.32
711,MHRIL,INE998I01010,405.8,20
712,MARINE,INE01JE01028,106.5,20
713,BSHSL,INE032Z01020,251.6,20
714,EIHAHOTELS,INE276C01014,662.35,20
715,ONGC,INE213A01029,252.25,11.37
716,KOTAKNV20,INF174K01Z71,135.72,20
717,ASHAPURMIN,INE348A01023,419.3,100
718,GODREJCP,INE102D01028,1164.2,20
719,ZODIACLOTH,INE206B01013,142.55,20
720,LGBBROSLTD,INE337A01034,1283.1,20
721,ANGELONE,INE732I01013,3285.35,20
722,MOGSEC,INF247L01AK4,54.44,10
723,ZFCVINDIA,INE342J01019,16336.55,20
724,HITECHCORP,INE120D01012,246.5,20
725,HEROMOTOCO,INE158A01026,4621.55,9.85
726,IONEXCHANG,INE570A01022,510.2,20
727,DHARMAJ,INE00OQ01016,256.3,20
728,GODREJPROP,INE484J01027,2377.15,20
729,JPASSOCIAT,INE455F01025,22.25,29.63
730,SBIETFCON,INF200KA1X17,97.43,20
731,RBA,INE07T201019,118.45,20
732,EVEREADY,INE128A01029,358.85,20
733,IGL,INE203G01027,430.4,20
734,TREL,INE0O3901029,55.95,20
735,GICRE,INE481Y01014,376.75,20.58
736,KOTHARIPET,INE720A01015,148.2,22.56
737,DPWIRES,INE864X01013,520.65,20
738,APOLLOHOSP,INE437A01024,6352.95,9.93
739,IPL,INE0D6701023,395.65,20
740,NAHARPOLY,INE308A01027,236.6,20
741,KEC,INE389H01022,657.65,20
742,SAIL,INE114A01011,122.5,20
743,SPIC,INE147A01011,84.55,20
744,KSOLVES,INE0D6I01015,1236.15,20
745,MASFIN,INE348L01012,996.8,20
746,INDOSTAR,INE896L01010,198.8,100
747,LICHSGFIN,INE115A01026,625.6,20
748,INDIGO,INE646L01027,2961.35,20
749,TATASTEEL,INE081A01020,135.95,10.91
750,NSIL,INE023A01030,3353.05,20
751,SGBMAY29I,IN0020210053,6247.83,10
752,IDBI,INE008A01015,86.6,20
753,WORTH,INE196Y01018,120.5,20
754,REPL,INE364Z01019,202.65,20
755,MOHEALTH,INF247L01BB1,34.14,20
756,SGBJAN26,IN0020170166,6251,10
757,ZENSARTECH,INE520A01027,574.25,20
758,SUPERHOUSE,INE712B01010,249.1,20
759,AXISGOLD,INF846K01W80,53.47,20
760,SMSPHARMA,INE812G01025,123.15,20
761,FIEMIND,INE737H01014,2386.85,20
762,MEDPLUS,INE804L01022,716.6,20
763,CARYSIL,INE482D01024,862.4,20
764,YATHARTH,INE0JO301016,379.05,20
765,OSWALAGRO,INE142A01012,55.85,24.54
766,PIXTRANS,INE751B01018,1260.15,20
767,ANDHRSUGAR,INE715B01021,111,20
768,SHK,INE500L01026,167.65,20
769,NUVOCO,INE118D01016,361.4,20
770,CUB,INE491A01021,144.9,20
771,MEP,INE776I01010,16.5,20
772,AGSTRA,INE583L01014,115.9,100
773,MIDSELIETF,INF109KB1XT3,143.16,11.05
774,PEARLPOLY,INE844A01013,33.25,25.78
775,FIVESTAR,INE128S01021,761.8,20
776,SAGCEM,INE229C01021,267.75,20
777,UTKARSHBNK,INE735W01017,57.5,20
778,MENONBE,INE071D01033,143.85,20
779,JINDWORLD,INE247D01039,278.95,20
780,RVNL,INE415G01027,308.25,23.81
781,SATIN,INE836B01017,258.1,20
782,DHANBANK,INE680A01011,54.8,24.29
783,SHIVAMILLS,INE644Y01017,102.35,21.69
784,SUMMITSEC,INE519C01017,1388.05,20
785,BAJAJFINSV,INE918I01026,1627.3,9.92
786,AURUM,INE898S01029,156.6,100
787,NEULANDLAB,INE794A01010,6413.65,21.63
788,BEML,INE258A01016,3505.3,20
789,GPPL,INE517F01014,176.2,20
790,SUNDARMFIN,INE660A01013,3567.65,20
791,JINDALPOLY,INE197D01010,623,20
792,EBBETF0425,INF754K01LD3,1181.79,20
793,KUANTUM,INE529I01021,178.65,20
794,RBLBANK,INE976G01028,260.55,20
795,HEALTHY,INF209KB10C2,11.6,20
796,FINOPB,INE02NC01014,329.8,20
797,OLECTRA,INE260D01016,1742.05,20.86
798,JAYBARMARU,INE571B01036,135,20
799,HONASA,INE0J5401028,467.95,20
800,MINDACORP,INE842C01021,412.5,20
801,NARMADA,INE117Z01011,32.3,22.63
802,LUMAXIND,INE162B01018,2459.4,20
803,VINATIORGA,INE410B01037,1733.4,20
804,RELIANCE,INE002A01018,2853.25,9
805,IMAGICAA,INE172N01012,72.6,25.23
806,ANURAS,INE930P01018,949.3,20
807,THEJO,INE121N01019,1934.15,20
808,AHLUCONT,INE758C01029,859.6,20
809,TTL,INE592B01016,111.35,20
810,SIGNATURE,INE903U01023,1144.85,20
811,DEEPAKFERT,INE501A01019,618.15,20
812,MVGJL,INE0KNT01012,313.2,20
813,HAPPSTMNDS,INE419U01012,876.05,20
814,UNIPARTS,INE244O01017,577.85,20
815,SFL,INE916U01025,1174.05,20
816,WELSPUNLIV,INE192B01031,163.8,20
817,IWEL,INE0FLR01028,5654.45,100
818,OBCL,INE426Z01016,62.85,22.65
819,JOCIL,INE839G01010,247.8,20
820,SUVENPHAR,INE03QK01018,672.8,20
821,KOTAKBANK,INE237A01028,1825.25,9
822,MOLDTECH,INE835B01035,270.5,23.55
823,INFY,INE009A01021,1660.9,9.94
824,GNA,INE934S01014,488.1,20
825,LIQUID,INF769K01KS1,999.99,10
826,MOQUALITY,INF247L01BH8,168.6,20
827,RAMCOIND,INE614A01028,245.6,20
828,MAGADSUGAR,INE347W01011,635.8,21.17
829,RATNAVEER,INE05CZ01011,125.15,20
830,IFBIND,INE559A01017,1362.55,20
831,MANAKALUCO,INE859Q01017,38.35,100
832,SHAREINDIA,INE932X01018,1932.15,20
833,DHANUKA,INE435G01025,1199.55,20
834,SHANKARA,INE274V01019,767.7,20
835,LATENTVIEW,INE0I7C01011,470.55,20
836,VARROC,INE665L01035,555.45,20
837,KANSAINER,INE531A01024,341.75,20
838,SBIN,INE062A01020,640.5,9.18
839,DELTACORP,INE124G01033,140.5,20
840,LINDEINDIA,INE473A01011,5592.3,20
841,INDIANCARD,INE061A01014,317.95,20
842,AXISBNKETF,INF846K01X63,466.25,20
843,CAMLINFINE,INE052I01032,129.45,20
844,PRESTIGE,INE811K01011,1265.4,20
845,DICIND,INE303A01010,494.35,20
846,GRASIM,INE047A01021,2175,9
847,NHPC,INE848E01016,90.95,20
848,SHILPAMED,INE790G01031,368.15,20
849,ARIHANTCAP,INE420B01036,75.35,20.32
850,INTLCONV,INE575C01027,96.35,20
851,DYNPRO,INE256H01015,281.45,20
852,NGLFINE,INE887E01022,1898.9,20
853,TECHM,INE669C01036,1333.65,10.61
854,SGBDEC2513,IN0020170158,6369.99,10
855,REDINGTON,INE891D01026,179.85,20
856,TAINWALCHM,INE123C01018,156.35,20.97
857,ALKEM,INE540L01014,4996.05,20
858,TNPL,INE107A01015,320.85,20
859,NTPC,INE733E01010,317.5,9.65
860,JIOFIN,INE758E01017,248.25,20
861,PIDILITIND,INE318A01026,2533.05,20
862,HERITGFOOD,INE978A01027,322.6,20
863,RENUKA,INE087H01022,48,20
864,GANECOS,INE845D01014,1130.5,20
865,NEXT50,INF769K01FN2,560.67,6
866,JINDALSAW,INE324A01024,521.8,21.09
867,NECLIFE,INE023H01027,36.5,20
868,LICI,INE0J1Y01017,949.75,20
869,IBULHSGFIN,INE148I01020,222.5,21.46
870,UNIENTER,INE037A01022,155.8,20
871,PPLPHARMA,INE0DK501011,144.25,20
872,BLAL,INE0N7W01012,227.95,20
873,CENTUM,INE320B01020,1609.85,20.71
874,JBCHEPHARM,INE572A01036,1683.95,20
875,PAKKA,INE551D01018,357.35,22.61
876,ASTEC,INE563J01010,967.45,20
877,SUNFLAG,INE947A01014,236.7,21.49
878,MITCON,INE828O01033,153.5,100
879,SAKHTISUG,INE623A01011,29.95,21.47
880,LINCOLN,INE405C01035,654.9,20
881,SGBNOV26,IN0020180314,6240,10
882,SGBSEP28VI,IN0020200195,6270.97,10
883,RELAXO,INE131B01039,860.1,20
884,SGBDEC25,IN0020170125,6867.99,10
885,JAMNAAUTO,INE039C01032,118.5,20
886,HINDWAREAP,INE05AN01011,483.1,20
887,RAMRAT,INE207E01023,301.25,20
888,KABRAEXTRU,INE900B01029,412.45,20
889,MANGLMCEM,INE347A01017,665.25,20
890,CMSINFO,INE925R01014,385,20
891,SASTASUNDR,INE019J01013,407.55,20.69
892,INFRABEES,INF732E01268,815.04,20
893,MUTHOOTMF,INE046W01019,253.75,20
894,ARVINDFASN,INE955V01021,521.9,20
895,JAICORPLTD,INE070D01027,375,23.75
896,SBICARD,INE018E01016,715.35,20
897,JINDRILL,INE742C01031,752.1,20.63
898,TEGA,INE011K01018,1155.8,20
899,PHOENIXLTD,INE211B01039,2423.8,20
900,VLSFINANCE,INE709A01018,281.95,20
901,AUROPHARMA,INE406A01037,1150.4,20
902,HINDMOTORS,INE253A01025,18.9,20
903,CERA,INE739E01017,8253.7,20
904,KOTAKMID50,INF174KA1IB3,137.53,6.82
905,BBETF0432,INF754K01OB1,1110.3,20
906,VPRPL,INE0AE001013,213.75,20
907,BFSI,INF769K01HI8,20.83,20
908,GATEWAY,INE079J01017,112.25,20
909,CELEBRITY,INE185H01016,20.7,100
910,SUPRAJIT,INE399C01030,392.45,20
911,INDNIPPON,INE092B01025,695.95,20
912,ORIENTPPR,INE592A01026,57.4,20
913,HINDUNILVR,INE030A01027,2481.55,9
914,LUPIN,INE326A01037,1505.35,20
915,TIRUMALCHM,INE338A01024,242.7,20
916,MIDCAPIETF,INF109KC1G82,182.49,6.06
917,HERCULES,INE688E01024,436.65,20
918,ITBEES,INF204KB15V2,38.78,20
919,MUFTI,INE220Q01020,265.15,20
920,VRLLOG,INE366I01010,744.6,20
921,SETFGOLD,INF200KA16D8,54.87,20
922,AURIONPRO,INE132H01018,2244.8,100
923,MIDCAPETF,INF769K01IC9,18.05,6
924,AHLADA,INE00PV01013,124.2,20.71
925,SUDARSCHEM,INE659A01023,525.4,20
926,NUCLEUS,INE096B01018,1597.95,100
927,BSLSENETFG,INF209KB10E8,70.44,6
928,FOCUS,INE593W01028,194.65,20
929,LAURUSLABS,INE947Q01028,381.35,20
930,SUPREMEIND,INE195A01028,4129.95,20
931,TEMBO,INE869Y01010,288.25,20
932,LTIM,INE214T01019,5448.55,12.15
933,IBREALEST,INE069I01010,98,22.68
934,KAMDHENU,INE390H01012,569.85,21.33
935,KSB,INE999A01015,3648.25,20
936,SYMPHONY,INE225D01027,940.7,20
937,ATFL,INE209A01019,842.05,20
938,ARTEMISMED,INE025R01021,185.1,20
939,SGBOCT26,IN0020180249,6230.1,10
940,HINDOILEXP,INE345A01011,187.2,20
941,MON100,INF247L01AP3,140.47,6.71
942,VIPIND,INE054A01027,538.65,20
943,SUPRIYA,INE07RO01027,304.55,20
944,PTC,INE877F01012,239.55,20
945,KHADIM,INE834I01025,376.25,20
946,HDFCAMC,INE127D01025,3581.5,20
947,JUSTDIAL,INE599M01018,828.1,20
948,SURYALAXMI,INE713B01026,82.45,20
949,TATAMTRDVR,IN9155A01020,584,20
950,LICMFGOLD,INF397L01554,5731.6,20
951,ACE,INE731H01025,977,20
952,PTCIL,INE596F01018,7966.65,20
953,THOMASCOOK,INE332A01027,172.85,20
954,SGBJ28VIII,IN0020190537,6230.42,10
955,LIQUIDETF,INF740KA1EU7,1000,10
956,UJJIVANSFB,INE551W01018,55.35,20
957,BALKRISHNA,INE875R01011,47.35,100
958,GOLDIAM,INE025B01025,175.15,20
959,EMAMIPAP,INE830C01026,130.6,20
960,KALYANKJIL,INE303R01014,350.2,20
961,LIBAS,INE908V01012,21.5,22.31
962,SYRMA,INE0DYJ01015,598.7,20
963,SPANDANA,INE572J01011,1046.1,20
964,BSE500IETF,INF109KC1V59,33.14,6
965,LICNFNHGP,INF767K01PC8,235.02,6.88
966,BALRAMCHIN,INE119A01028,395.45,20
967,PATELENG,INE244B01030,69.05,23.24
968,SHIVATEX,INE705C01020,168.25,22.31
969,TATAELXSI,INE670A01012,7605.15,20
970,SGBMAR31IV,IN0020220169,6298.25,10
971,DBL,INE917M01012,400.45,20
972,URJA,INE550C01020,34.45,28.42
973,SGBJAN30IX,IN0020210236,6225,10
974,AARTISURF,INE09EO01013,721.4,20
975,XPROINDIA,INE445C01015,1221.85,20.27
976,SIS,INE285J01028,487.4,20
977,EXCELINDUS,INE369A01029,902.85,20
978,PNBHOUSING,INE572E01012,784.6,20
979,AMJLAND,INE606A01024,42.75,20.66
980,NDTV,INE155G01029,270.7,22.39
981,LIKHITHA,INE060901027,258.9,20
982,PSUBNKBEES,INF204KB16I7,69.6,20
983,ADANIPORTS,INE742F01042,1207.65,16.64
984,NIF100BEES,INF204K014N5,229.89,6
985,IRMENERGY,INE07U701015,539.15,20
986,HINDZINC,INE267A01025,317.25,20
987,ORCHPHARMA,INE191A01027,844.9,20
988,NYKAA,INE388Y01029,163.25,20
989,JISLJALEQS,INE175A01038,67.55,20.38
990,J&KBANK,INE168A01041,134.45,20
991,PENIND,INE932A01024,153.3,22.2
992,KOTAKNIFTY,INF174K014P6,233.66,6
993,SGBSEP29VI,IN0020210145,6259.96,10
994,PSB,INE608A01012,50.85,20
995,VIJAYA,INE043W01024,660.4,20
996,BANCOINDIA,INE213C01025,714.85,20
997,BANARBEADS,INE655B01011,104.5,20
998,METROPOLIS,INE112L01020,1632.4,20
999,AKZOINDIA,INE133A01011,2612.2,20
1000,BALAJITELE,INE794B01026,88.45,20
1001,OMAXE,INE800H01010,100.6,21.39
1002,BSLNIFTY,INF209KB19D1,24.69,6
1003,TTKPRESTIG,INE690A01028,787.05,20
1004,HGINFRA,INE926X01010,932.3,20
1005,PCBL,INE602A01031,318.65,20
1006,INDBANK,INE841B01017,49.45,23.58
1007,TATACOMM,INE151A01013,1737.05,20
1008,PITTIENG,INE450D01021,655.85,20
1009,SMCGLOBAL,INE103C01036,109.7,20
1010,ATGL,INE399L01023,1012.35,26.15
1011,DATAPATTNS,INE0IX101010,1905.5,20
1012,MMFL,INE227C01017,919.7,20
1013,ORIENTHOT,INE750A01020,123.65,20
1014,KIMS,INE967H01017,2136.1,20
1015,SUVEN,INE495B01038,108.3,100
1016,NRAIL,INE740D01017,509.05,20
1017,SILVERETF,INF789F1AYK6,71.59,20
1018,RAINBOW,INE961O01016,1217.6,20
1019,AXISBPSETF,INF846K01Z04,11.47,20
1020,TEXRAIL,INE621L01012,219.6,22.57
1021,SUNDRMFAST,INE387A01021,1219.15,20
1022,ASHOKLEY,INE208A01029,175.9,20
1023,HDFCNIFTY,INF179KC1965,237.61,6
1024,AKSHARCHEM,INE542B01011,280.85,20
1025,KOTAKBKETF,INF174K01F59,469.51,20
1026,AMBER,INE371P01015,4437.05,20
1027,VESUVIUS,INE386A01015,3549.8,20
1028,NIF100IETF,INF109KA1962,242.34,6
1029,GSPL,INE246F01010,367.85,20
1030,SAKAR,INE732S01012,426.8,20.99
1031,KOTAKIT,INF174KA1GC5,38.64,20
1032,LOVABLE,INE597L01014,156.85,20
1033,SALSTEEL,INE658G01014,25.1,100
1034,SGBDC27VII,IN0020190461,6234.5,10
1035,CHEVIOT,INE974B01016,1471.7,20
1036,TATAMOTORS,INE155A01022,884.2,11.38
1037,HLEGLAS,INE461D01028,539.3,20
1038,THYROCARE,INE594H01019,610.15,20
1039,SGBNOV25IX,IN0020170117,6269.99,10
1040,RADHIKAJWE,INE583V01021,62.8,23.58
1041,ASKAUTOLTD,INE491J01022,301.05,20
1042,HDFCPVTBAN,INF179KC1DW3,238,20
1043,NIFTYQLITY,INF209KB15K4,18.8,20
1044,HESTERBIO,INE782E01017,1525.6,20
1045,WINDLAS,INE0H5O01029,489.85,20
1046,BATAINDIA,INE176A01028,1488.45,20
1047,BDL,INE171Z01018,1707.05,20
1048,INFIBEAM,INE483S01020,35.1,22.41
1049,ORIENTELEC,INE142Z01019,209.05,20
1050,TNPETRO,INE148A01019,102,20
1051,SPENCERS,INE020801028,130.15,20.88
1052,DCM,INE498A01018,87.85,21.02
1053,CSBBANK,INE679A01013,382.25,20
1054,HILTON,INE788H01017,130.75,20.38
1055,MOLDTKPAC,INE893J01029,846.6,20
1056,JKCEMENT,INE823G01014,4363.4,20
1057,UTISXN50,INF789F1AUU3,70.5,9.71
1058,PILANIINVS,INE417C01014,3236.55,20
1059,WABAG,INE956G01038,674.45,20
1060,AVANTIFEED,INE871C01038,521.5,20
1061,COSMOFIRST,INE757A01017,620.2,20
1062,AKSHOPTFBR,INE523B01011,12.25,100
1063,UTISENSETF,INF789FB1X58,772.82,6.17
1064,ASHOKA,INE442H01029,182.15,20
1065,RATNAMANI,INE703B01027,3574.45,20
1066,POLYMED,INE205C01021,1456.65,20
1067,COROMANDEL,INE169A01031,1049.9,20
1068,CIEINDIA,INE536H01010,485.45,20
1069,SGBDEC26,IN0020180389,6250,10
1070,GLENMARK,INE935A01035,910.2,20
1071,SAMHI,INE08U801020,194.65,20
1072,LT,INE018A01030,3479.75,9
1073,STARHEALTH,INE575P01011,578.85,20
1074,UTINEXT50,INF789F1AUW9,58.31,8.13
1075,TVSSRICHAK,INE421C01016,4431.35,20
1076,AXISBANK,INE238A01034,1067.75,9.17
1077,BGRENERGY,INE661I01014,94.15,21.59
1078,MAHASTEEL,INE451L01014,137.5,22.57
1079,TRACXN,INE0HMF01019,115.1,20
1080,RAILTEL,INE0DD101019,437.45,22.39
1081,ACCELYA,INE793A01012,1824.4,20
1082,BSLGOLDETF,INF209KB18D3,56.16,20
1083,COASTCORP,INE377E01016,303.05,20
1084,DYCL,INE600Y01019,458.9,20.12
1085,ADSL,INE102I01027,182.15,22.91
1086,JSWENERGY,INE121E01018,504.75,20
1087,MONIFTY500,INF247L01BU1,19.75,6
1088,BARBEQUE,INE382M01027,633.85,20
1089,VISAKAIND,INE392A01021,137.05,20
1090,TNIDETF,INF277KA1364,78.31,20
1091,KRISHANA,INE506W01012,232.3,20
1092,ELECTCAST,INE086A01029,175.1,20
1093,SUNDARMHLD,INE202Z01029,191.6,20
1094,VETO,INE918N01018,126.6,20
1095,SMLISUZU,INE294B01019,1380.85,20
1096,CAPACITE,INE264T01014,263.2,20
1097,BSE,INE118H01025,2323.6,20
1098,AJMERA,INE298G01027,578.65,20
1099,IPCALAB,INE571A01038,1120.25,20
1100,FDC,INE258B01022,417.45,20
1101,INSECTICID,INE070I01018,631.35,20
1102,TASTYBITE,INE488B01017,14018.8,20
1103,GREENLAM,INE544R01021,538.15,20
1104,AEGISCHEM,INE208C01025,377.65,20
1105,VARDHACRLC,INE116G01013,64.4,20
1106,CENTRALBK,INE483A01010,57.5,20
1107,KIOCL,INE880L01014,393.7,24.84
1108,DBREALTY,INE879I01012,252.55,26.3
1109,HINDPETRO,INE094A01015,463.25,20
1110,NDL,INE875G01030,30.25,20
1111,AVG,INE680Z01018,412.8,20
1112,BAJFINANCE,INE296A01024,6862.9,10.58
1113,NLCINDIA,INE589A01014,259.3,20
1114,SURYAROSNI,INE335A01020,784.1,20.14
1115,NV20BEES,INF204KB18I3,135.5,20
1116,LTGILTBEES,INF204KB1882,25.05,10
1117,KESORAMIND,INE087A01019,170.75,20
1118,INGERRAND,INE177A01018,3265.65,20
1119,ABBOTINDIA,INE358A01014,25906.95,20
1120,PARADEEP,INE088F01024,79.75,20
1121,ONMOBILE,INE809I01019,112.5,20.54
1122,NIITMTS,INE342G01023,471.3,20
1123,BRNL,INE727S01012,93.6,26.57
1124,POCL,INE063E01046,756,22.16
1125,UNIVCABLES,INE279A01012,509.65,20
1126,HEUBACHIND,INE492A01029,539.15,20
1127,MANAKSTEEL,INE824Q01011,93.5,100
1128,DEN,INE947J01015,61,20
1129,SCI,INE109A01011,211.7,20
1130,AVALON,INE0LCL01028,545.95,20
1131,ENIL,INE265F01028,243.1,20
1132,RUPA,INE895B01021,276.85,20
1133,IOC,INE242A01010,146.95,20
1134,KANPRPLA,INE694E01014,123.2,20
1135,OBEROIRLTY,INE093I01010,1323.7,20
1136,ADFFOODS,INE982B01027,214.1,20
1137,STEL,INE577L01016,318.1,20
1138,BALKRISIND,INE787D01026,2454.25,20
1139,AHLEAST,INE926K01017,163.05,20
1140,IEX,INE022Q01020,147.6,20
1141,SPORTKING,INE885H01011,799.2,20
1142,UNIDT,INE961D01019,290.1,20.09
1143,DSPGOLDETF,INF740KA1SW3,62.4,20
1144,ENDURANCE,INE913H01037,2105.25,20
1145,JAIPURKURT,INE696V01013,69.55,20
1146,MIDHANI,INE099Z01011,516.5,20
1147,PAR,INE04LG01015,203.85,20
1148,DREAMFOLKS,INE0JS101016,557.2,20
1149,BLBLIMITED,INE791A01024,33.8,25.57
1150,ZOTA,INE358U01012,507.15,20
1151,ANUP,INE294Z01018,2942.7,20
1152,PTL,INE034D01049,49.7,20
1153,ELIN,INE050401020,160.7,20
1154,KOTAKALPHA,INF174KA1IA5,45.3,20
1155,INDHOTEL,INE053A01029,492.65,20
1156,GANDHITUBE,INE524B01027,793.35,20
1157,PDMJEPAPER,INE865T01018,80.05,20
1158,HIMATSEIDE,INE049A01027,167.2,20
1159,AUTOBEES,INF204KC1337,194.76,20
1160,GENESYS,INE727B01026,515.8,21.72
1161,PNB,INE160A01022,114.4,20
1162,ISGEC,INE858B01029,1031.65,20
1163,BIOFILCHEM,INE829A01014,67.25,20.92
1164,SEAMECLTD,INE497B01018,1143.8,100
1165,FSL,INE684F01012,204.6,20
1166,HARIOMPIPE,INE00EV01017,610.1,20
1167,ULTRACEMCO,INE481G01011,10167.35,9
1168,ASTRAZEN,INE203A01020,6616.6,20
1169,TECH,INF209KB11D8,37.99,20
1170,PRINCEPIPE,INE689W01016,710.6,20
1171,BANKBARODA,INE028A01039,247.6,20
1172,PDSL,INE111Q01021,606.3,20
1173,CENTENKA,INE485A01015,446.35,20
1174,DSPQ50ETF,INF740KA1QL0,211.81,20
1175,ICICIGI,INE765G01017,1497.1,20
1176,GHCL,INE539A01019,584.55,20
1177,QNIFTY,INF082J01028,2321.05,6
1178,SUNPHARMA,INE044A01036,1418.45,9
1179,GUJAPOLLO,INE826C01016,300.85,100
1180,APOLLO,INE713T01028,124.15,100
1181,QGOLDHALF,INF082J01408,53.04,20
1182,RAMCOCEM,INE331A01037,1018.2,20
1183,TIIL,INE545H01011,2391.9,22.66
1184,PPL,INE050001010,443.25,21.48
1185,GLAND,INE068V01023,1956.55,20
1186,BEL,INE263A01024,185.9,20
1187,SAKSOFT,INE667G01023,310.65,100
1188,HONDAPOWER,INE634A01018,2449.9,20
1189,BLKASHYAP,INE350H01032,67.05,20
1190,SKIPPER,INE439E01022,271.4,24.14
1191,FUSION,INE139R01012,648.95,20
1192,BCLIND,INE412G01024,73.15,20
1193,MAHESHWARI,INE263W01010,77.55,20
1194,RKEC,INE786W01010,86.1,25.16
1195,CONCOR,INE111A01025,887.5,20
1196,SWARAJENG,INE277A01016,2220.4,20
1197,SGBDEC25XI,IN0020170133,6433.95,10
1198,UGROCAP,INE583D01011,282.4,20
1199,SCPL,INE501Y01019,339.85,20
1200,GAIL,INE129A01019,172.6,20
1201,AVADHSUGAR,INE349W01017,617.15,20
1202,PURVA,INE323I01011,259.3,21.62
1203,SMSLIFE,INE320X01016,580.6,20
1204,REDTAPE,INE0LXT01019,661,20
1205,FAIRCHEMOR,INE0DNW01011,1250.35,20
1206,PATANJALI,INE619A01035,1582.1,20
1207,CREDITACC,INE741K01010,1589.8,20
1208,INDOAMIN,INE760F01028,178.35,21.7
1209,DELHIVERY,INE148O01028,449.45,20
1210,ABFRL,INE647O01011,243.95,20
1211,SYNCOMF,INE312C01025,16.15,100
1212,LICNETFN50,INF767K01OS7,236,6
1213,KOHINOOR,INE080B01012,44.45,100
1214,HPAL,INE0GSL01024,122.25,20
1215,FINPIPE,INE183A01024,222.35,20
1216,SGBJU29III,IN0020210087,6270.61,10
1217,VSSL,INE050M01012,215.7,20
1218,IOB,INE565A01014,49.1,20.12
1219,AMBIKCO,INE540G01014,1744.2,20
1220,TMB,INE668A01016,504.9,20
1221,SCHAEFFLER,INE513A01022,3131.2,20
1222,DEVIT,INE060X01026,158.9,20
1223,VIKASLIFE,INE161L01027,7.15,100
1224,JTEKTINDIA,INE643A01035,160.65,20
1225,BUTTERFLY,INE295F01017,983.35,20
1226,ICICIPRULI,INE726G01019,503.25,20
1227,GRWRHITECH,INE291A01017,1694.95,20
1228,ORIENTCER,INE569C01020,56.7,20
1229,QUICKHEAL,INE306L01010,503.8,21.1
1230,FCSSOFT,INE512B01022,5.3,32.54
1231,CHOICEIN,INE102B01014,542.15,20
1232,HATSUN,INE473B01035,1141.8,20
1233,ISEC,INE763G01038,820.5,20
1234,THEMISMED,INE083B01024,241,20.25
1235,ABCAPITAL,INE674K01013,171.1,20
1236,PRECWIRE,INE372C01037,147.75,20.4
1237,UTIAMC,INE094J01016,929.4,20
1238,ASALCBR,INE073G01016,487.65,20
1239,BHARATRAS,INE838B01013,9015.9,20
1240,TIMETECHNO,INE508G01029,174.55,20
1241,YASHO,INE616Z01012,1647.65,20
1242,SIMBHALS,INE748T01016,31.9,24.45
1243,NILAINFRA,INE937C01029,11.4,23.39
1244,BAJAJCON,INE933K01021,219.2,20
1245,GLOBUSSPR,INE615I01010,812.1,20
1246,MANINFRA,INE949H01023,238.7,20
1247,DIXON,INE935N01020,5991.1,20
1248,GOCLCORP,INE077F01035,495.3,20
1249,MPSLTD,INE943D01017,1477.9,21.24
1250,CONCORDBIO,INE338H01029,1455.9,20
1251,MSUMI,INE0FS801015,65.05,20
1252,CYIENT,INE136B01020,1973.8,20
1253,SBGLP,INE05ST01010,746.05,20
1254,SGBMAY28,IN0020200088,6235.38,10
1255,AMRUTANJAN,INE098F01031,579.55,20
1256,KOTAKLOVOL,INF174KA1IY5,17.89,20
1257,NATIONALUM,INE139A01034,148.85,20
1258,KSCL,INE455I01029,720.1,20
1259,BHARTIARTL,INE397D01024,1170.7,9
1260,DALBHARAT,INE00R701025,2279.8,20
1261,HDFCNEXT50,INF179KC1HS2,55.51,7.68
1262,BEPL,INE922A01025,106.5,20
1263,DALMIASUG,INE495A01022,403,20
1264,SILVER,INF209KB19F6,73.04,20
1265,STAR,INE939A01011,698.7,20
1266,RPOWER,INE614G01033,29.8,100
1267,ZEEMEDIA,INE966H01019,14.85,24.63
1268,NCLIND,INE732C01016,246.7,20
1269,BAJAJHCARE,INE411U01027,333.95,20
1270,LANDMARK,INE559R01029,835.4,20
1271,IVZINGOLD,INF205K01361,5545.25,20
1272,3IINFOLTD,INE748C01038,61.55,20
1273,PRAJIND,INE074A01025,498.1,20
1274,KAKATCEM,INE437B01014,255.1,20
1275,MRPL,INE103A01014,177.05,20
1276,RANEHOLDIN,INE384A01010,1231.45,20
1277,DCW,INE500A01029,69,20
1278,BHARATFORG,INE465A01025,1235.25,20
1279,HARSHA,INE0JUS01029,405.35,20
1280,VEDL,INE205A01025,273.85,20
1281,POKARNA,INE637C01025,471.5,20.57
1282,MRO-TEK,INE398B01018,62.75,20.88
1283,WONDERLA,INE066O01014,878.6,20
1284,AMBUJACEM,INE079A01024,560.3,20
1285,SANGAMIND,INE495C01010,475.45,23.18
1286,VOLTAS,INE226A01021,1092.75,20
1287,SBIETFPB,INF200KA1S22,238.16,20
1288,GENUSPAPER,INE949P01018,25.1,22.29
1289,BIGBLOC,INE412U01025,177.7,20
1290,HCG,INE075I01017,372.05,20
1291,EDELWEISS,INE532F01054,70.2,20
1292,VBL,INE200M01021,1280.4,20
1293,NAM-INDIA,INE298J01013,524.75,20
1294,CANFINHOME,INE477A01020,776.4,20
1295,COCHINSHIP,INE704P01025,912.2,22.02
1296,SILVERIETF,INF109KC1Y56,73.1,20
1297,TATAINVEST,INE672A01018,5635.65,20
1298,PARAS,INE045601015,810.55,20
1299,MAPMYINDIA,INE0BV301023,1963.8,20
1300,DLF,INE271C01023,802.6,20
1301,ICRA,INE725G01011,5493.9,20
1302,CARBORUNIV,INE120A01034,1124.65,20
1303,NESCO,INE317F01035,859.8,20
1304,GOLDETF,INF769K01JP9,62.74,20
1305,NAGAFERT,INE454M01024,14.65,21.03
1306,SBIETFQLTY,INF200KA1WX6,196.37,20
1307,SRHHYPOLTD,INE917H01012,586.85,20.62
1308,SGBJUN27,IN0020190073,6215,10
1309,MAHSEAMLES,INE271B01025,1052.9,20
1310,BALAMINES,INE050E01027,2438.7,20
1311,NAVINFLUOR,INE048G01026,3417.5,20
1312,HERANBA,INE694N01015,377.9,20
1313,INDSWFTLAB,INE915B01019,109.95,20.84
1314,SGBJUL29IV,IN0020210111,6236.73,10
1315,PRECOT,INE283A01014,310.7,21.43
1316,RAMCOSYS,INE246B01019,330.95,20
1317,JMFINANCIL,INE780C01023,112,20
1318,EGOLD,INF754K01SE6,64.45,20
1319,ESILVER,INF754K01SF3,73.98,20
1320,AZAD,INE02IJ01035,961.25,20
1321,BYKE,INE319B01014,67,100
1322,STEELCAS,INE124E01020,705.9,20
1323,SIGACHI,INE0D0K01022,77.2,20
1324,LIQUIDIETF,INF109KC1KT9,1000,10
1325,ARCHIES,INE731A01020,35.65,20.45
1326,LALPATHLAB,INE600L01024,2517.4,20
1327,JKPAPER,INE789E01012,437.15,20
1328,EMSLIMITED,INE0OV601013,527.65,20
1329,INDIACEM,INE383A01012,261.4,20
1330,GENUSPOWER,INE955D01029,264.6,20.26
1331,GPIL,INE177H01021,761.6,20
1332,BLUEDART,INE233B01017,6509.2,20
1333,SILINV,INE923A01015,455.6,20
1334,TATAMETALI,INE056C01010,1066.35,20
1335,CAREERP,INE521J01018,252.55,100
1336,RELIGARE,INE621H01010,236.75,20
1337,HITECH,INE106T01025,145.7,20
1338,PIONEEREMB,INE156C01018,52.95,100
1339,APTECHT,INE266F01018,273.3,20
1340,MOM100,INF247L01023,51.63,6
1341,KOLTEPATIL,INE094I01018,510.8,20
1342,TOTAL,INE336X01012,125.45,20
1343,CHEMBOND,INE995D01025,535.4,20
1344,RALLIS,INE613A01020,264.4,20
1345,DSPBANKETF,INF740KA1RX3,46.28,20
1346,MBAPL,INE900L01010,271.6,20
1347,EMIL,INE02YR01019,218.45,20
1348,FINEORG,INE686Y01026,4723.9,20
1349,CIPLA,INE059A01026,1351,9.73
1350,LXCHEM,INE576O01020,269.9,20
1351,BBNPPGOLD,INF251K01SU9,62.25,20
1352,GREENPLY,INE461C01038,246.15,20
1353,SOMANYCERA,INE355A01028,708.5,20
1354,KINGFA,INE473D01015,2297,20
1355,KITEX,INE602G01020,232.25,20
1356,TEJASNET,INE010J01012,785.45,20
1357,MANAPPURAM,INE522D01027,184.75,20
1358,STLTECH,INE089C01029,143.95,20
1359,MAFANG,INF769K01HF4,75.78,20
1360,ZIMLAB,INE518E01015,107.45,20
1361,TCS,INE467B01029,3815.95,9
1362,EIDPARRY,INE126A01031,624.75,20
1363,NRL,INE0JM501013,109.45,20
1364,OSWALSEEDS,INE00IK01029,55.4,20
1365,DONEAR,INE668D01028,105.9,21.52
1366,PNBGILTS,INE859A01011,117.45,20
1367,LLOYDSME,INE281B01032,566.6,20
1368,KOTAKSILVE,INF174KA1KU9,71.31,20
1369,DWARKESH,INE366A01041,84.95,20
1370,HUDCO,INE031A01017,172.35,21.92
1371,SGBFEB28IX,IN0020190545,6280,10
1372,POWERMECH,INE211R01019,5330.5,20
1373,ADANIGREEN,INE364U01010,1669.45,23.57
1374,TEXMOPIPES,INE141K01013,91.05,22.66
1375,NETWEB,INE0NT901020,1396.75,20
1376,SHALPAINTS,INE849C01026,200.8,20
1377,CONSUMIETF,INF109KC1V42,97.77,20
1378,HDFCMID150,INF179KC1HT0,17.91,6
1379,KOTAKLIQ,INF174KA1LV5,1000,10
1380,IDFCFIRSTB,INE092T01019,84.35,20
1381,SHAILY,INE151G01028,395.65,20
1382,ROSSELLIND,INE847C01020,473.3,21.99
1383,BAJAJ-AUTO,INE917I01010,7667.55,9.22
1384,WELENT,INE625G01013,355.5,20
1385,GLOBALVECT,INE792H01019,125.9,100
1386,PRICOLLTD,INE726V01018,382.95,20
1387,JKLAKSHMI,INE786A01032,935.85,20
1388,PRSMJOHNSN,INE010A01011,180.75,20
1389,GANDHAR,INE717W01049,245.3,20
1390,CIGNITITEC,INE675C01017,1001.4,20
1391,GRAVITA,INE024L01027,931.75,20
1392,BHEL,INE257A01026,228.25,20
1393,RPPL,INE760W01015,257.35,20
1394,HLVLTD,INE102A01024,34.3,24.52
1395,USHAMART,INE228A01035,371.85,20
1396,BOSCHLTD,INE323A01026,23568.15,20
1397,BIKAJI,INE00E101023,591.7,20
1398,SECURCRED,INE195Y01010,20.95,20
1399,DVL,INE477B01010,537.1,20.65
1400,RATEGAIN,INE0CLI01024,797.2,20
1401,HDFCQUAL,INF179KC1DL6,50.44,20
1402,RHL,INE508K01013,160.55,20
1403,CUPID,INE509F01011,1760.95,100
1404,MAHSCOOTER,INE288A01013,7538.7,20
1405,DABUR,INE016A01026,539.6,20
1406,CHENNPETRO,INE178A01016,854,22.01
1407,AGARIND,INE204E01012,1134.4,20
1408,EQUITASBNK,INE063P01018,103.75,20
1409,HDFCGROWTH,INF179KC1DJ0,110.21,20
1410,MADHAV,INE925C01016,66.3,100
1411,TAKE,INE142I01023,28.75,21.06
1412,ISFT,INE566K01011,158.75,21.93
1413,SPAL,INE212I01016,620.45,20
1414,LYKALABS,INE933A01014,121,20
1415,SURANASOL,INE272L01022,40.6,100
1416,KRBL,INE001B01026,359.85,20
1417,UMAEXPORTS,INE0GIU01018,70.65,20.06
1418,MAHKTECH,INF769K01HS7,12.61,20
1419,NIFTYBEES,INF204KB14I2,240.26,6
1420,SATIA,INE170E01023,141.4,20
1421,CPSEETF,INF457M01133,74.38,20
1422,LOWVOL,INF769K01JU9,175.04,20
1423,DOLATALGO,INE966A01022,88.65,20.67
1424,BANKA,INE862Y01015,154.9,100
1425,INTENTECH,INE781A01025,138.05,21.3
1426,KEI,INE878B01027,3193.1,20
1427,FIBERWEB,INE296C01020,41,20
1428,DODLA,INE021O01019,1028.9,20
1429,UMANGDAIRY,INE864B01027,84.05,20
1430,ALPA,INE385I01010,100.2,20.19
1431,SGBNOV24,IN0020160076,6244,10
1432,VMART,INE665J01013,2178.55,20
1433,MARATHON,INE182D01020,399.25,20
1434,ALICON,INE062D01024,993.85,20
1435,JUBLFOOD,INE797F01020,519.55,20
1436,MCDOWELL-N,INE854D01024,1089.75,20
1437,SBILIFE,INE123W01016,1401.15,9
1438,AXISNIFTY,INF846K01W98,233,6
1439,ALPHAETF,INF769K01KU7,22.07,20
1440,SOLARINDS,INE343H01029,6457.35,20
1441,PARAGMILK,INE883N01014,205.6,20
1442,ZEEL,INE256A01028,173.1,26.51
1443,SONATSOFTW,INE269A01021,768,20
1444,MAHLOG,INE766P01016,413.4,20
1445,CCL,INE421D01022,671.05,20
1446,DANGEE,INE688Y01022,11.2,20
1447,OFSS,INE881D01027,6521.1,20
1448,BSL,INE594B01012,211.15,20
1449,TBZ,INE760L01018,131.1,20
1450,JBMA,INE927D01044,1916.7,20.84
1451,HEMIPROP,INE0AJG01018,220.95,20
1452,GOACARBON,INE426D01013,740.4,20
1453,CUMMINSIND,INE298A01020,2293.85,20
1454,GFLLIMITED,INE538A01037,93.55,20
1455,NBCC,INE095N01031,129.45,20.28
1456,REPCOHOME,INE612J01015,407.1,20
1457,AWHCL,INE01BK01022,563.05,20
1458,CAMS,INE596I01012,2897,20
1459,UJJIVAN,INE334L01012,569.8,20
1460,GUFICBIO,INE742B01025,352.4,20
1461,LFIC,INE850E01012,173.4,26.53
1462,MANGCHEFER,INE558B01017,144.3,20
1463,INDIGOPNTS,INE09VQ01012,1443.45,20
1464,SGBOC28VII,IN0020200203,6268,10
1465,NAZARA,INE418L01021,889.35,20
1466,DSSL,INE417B01040,652.7,23.72
1467,HINDCOMPOS,INE310C01029,442.95,20
1468,STEELCITY,INE395H01011,78.9,20
1469,PREMEXPLN,INE863B01011,1393.4,20.22
1470,ZUARI,INE840M01016,244.8,20
1471,STYRENIX,INE189B01011,1541.2,20
1472,MAZDA,INE885E01034,1529.5,20
1473,MATRIMONY,INE866R01028,554.95,20
1474,MPHASIS,INE356A01018,2598.5,20
1475,MKPL,INE964W01021,49.5,100
1476,JUBLINGREA,INE0BY001018,437.8,20
1477,KOTAKGOLD,INF174KA1HJ8,53.34,20
1478,CLEDUCATE,INE201M01029,106.95,20
1479,SGBAUG30,IN0020220078,6329.83,10
1480,SSWL,INE802C01033,279.8,20
1481,BBTC,INE050A01025,1734.2,20
1482,FOSECOIND,INE519A01011,3701.9,20
1483,GSS,INE871H01011,150.35,20
1484,NIFTYETF,INF769K01EG9,229.13,6
1485,GSEC5IETF,INF109KC14A8,55.2,10
1486,MOMENTUM,INF209KB14K7,29.16,20
1487,SPLPETRO,INE663A01033,600.95,20
1488,ZOMATO,INE758T01015,139.55,20
1489,SHREEPUSHK,INE712K01011,203.9,20
1490,BAYERCROP,INE462A01022,6002.05,20
1491,GMBREW,INE075D01018,650.75,20
1492,HFCL,INE548A01028,103.1,20
1493,CRISIL,INE007A01025,4095.35,20
1494,HUHTAMAKI,INE275B01026,323.35,20
1495,POWERGRID,INE752E01010,259.3,9.23
1496,HPL,INE495S01016,285.8,22.68
1497,PAISALO,INE420C01059,131.75,20
1498,GESHIP,INE017A01032,990.55,20
1499,APOLLOTYRE,INE438A01022,540.5,20
1500,SREEL,INE099F01013,382.8,20
1501,CELLO,INE0LMW01024,845.2,20
1502,ANANDRATHI,INE463V01026,3058.25,20
1503,TARMAT,INE924H01018,99.2,23.74
1504,SGBDEC2512,IN0020170141,6201.06,10
1505,RISHABH,INE0N2P01017,596.55,20
1506,PSUBNKIETF,INF109KC10S8,63.06,20
1507,EMUDHRA,INE01QM01018,457.15,20
1508,RITCO,INE01EG01016,248.35,20
1509,SUNTV,INE424H01027,658.6,20
1510,ARCHIDPLY,INE877I01016,91.55,20
1511,UNIVASTU,INE562X01013,120.6,20
1512,DBCORP,INE950I01011,321.25,20
1513,XELPMOC,INE01P501012,124.65,100
1514,ITDCEM,INE686A01026,324.45,20
1515,AROGRANITE,INE210C01013,62.35,20
1516,KIRIINDUS,INE415I01015,411.45,20
1517,SINTERCOM,INE129Z01016,131.8,20
1518,EXPLEOSOL,INE201K01015,1379.45,20
1519,OAL,INE959C01023,377.05,20
1520,RHIM,INE743M01012,724.85,20
1521,GOCOLORS,INE0BJS01011,1105.7,20
1522,RELCHEMQ,INE750D01016,258.4,100
1523,LOKESHMACH,INE397H01017,352.25,21.89
1524,MANORG,INE370D01013,391.25,20
1525,ROUTE,INE450U01017,1592.9,20
1526,BAJAJHIND,INE306A01021,31,24.58
1527,AGI,INE415A01038,798.15,21.17
1528,HDFCNIFBAN,INF179KC1AN8,466.04,20
1529,BRIGADE,INE791I01019,1025.25,20
1530,BIRLACABLE,INE800A01015,281.1,22.81
1531,GULFOILLUB,INE635Q01029,796.4,20
1532,NH,INE410P01011,1316.85,20
1533,MCLEODRUSS,INE942G01012,27.8,20
1534,HMAAGRO,INE0ECP01024,71.8,20
1535,SGBMR29XII,IN0020200427,6245.23,10
1536,WOCKPHARMA,INE049B01025,460.25,20.15
1537,SANGHVIMOV,INE989A01024,771.95,20
1538,UNITEDTEA,INE458F01011,334.95,20
1539,GILT5YBEES,INF204KC1030,54.69,10
1540,GOLDIETF,INF109KC1NT3,54.84,20
1541,ASTRAMICRO,INE386C01029,576.85,20
1542,PCJEWELLER,INE785M01013,55.2,25.65
1543,AGROPHOS,INE740V01019,47.85,23.55
1544,KIRLOSBROS,INE732A01036,913.15,20
1545,MALUPAPER,INE383H01017,66.85,22.69
1546,EKC,INE184H01027,142.55,21.06
1547,SHREDIGCEM,INE232A01011,115.9,20
1548,NESTLEIND,INE239A01024,2506,9
1549,UNIONBANK,INE692A01016,139.85,20
1550,PRUDENT,INE00F201020,1427.25,20
1551,DLINKINDIA,INE250K01012,318.55,20
1552,MOTHERSON,INE775A01035,113.25,20
1553,ASHIANA,INE365D01021,309.05,20
1554,INDORAMA,INE156A01020,64.65,20
1555,KIRLOSIND,INE250A01039,4139.45,20
1556,CCHHL,INE652F01027,16.95,100
1557,JETFREIGHT,INE982V01025,15.6,22.66
1558,SINDHUTRAD,INE325D01025,28.7,20
1559,BANSWRAS,INE629D01020,155,20
1560,RAMAPHO,INE809A01024,227.75,20
1561,ERIS,INE406M01024,916.25,20
1562,EIHOTEL,INE230A01023,327.85,20
1563,TITAGARH,INE615H01020,1092.85,21.23
1564,CHOLAHLDNG,INE149A01033,1179.75,20
1565,DEVYANI,INE872J01023,181.9,20
1566,DTIL,INE341R01014,264.5,20
1567,EPIGRAL,INE071N01016,1040.65,20
1568,PFOCUS,INE367G01038,138.95,24.68
1569,SKFINDIA,INE640A01023,4691.85,20
1570,SGBJUN31I,IN0020230069,6299.82,10
1571,STCINDIA,INE655A01013,171.6,24.27
1572,ISMTLTD,INE732F01019,105.4,20
1573,METROBRAND,INE317I01021,1096.4,20
1574,HDFCLOWVOL,INF179KC1HU8,17.49,20
1575,TORNTPOWER,INE813H01021,1040,20
1576,IRCON,INE962Y01021,237.35,23.84
1577,TCNSBRANDS,INE778U01029,407.1,20
1578,NAVA,INE725A01022,474.25,20
1579,SALONA,INE498E01010,299,20
1580,ASIANTILES,INE022I01019,70.75,20
1581,BBOX,INE676A01027,284,20
1582,POONAWALLA,INE511C01022,478.3,20
1583,LEMONTREE,INE970X01018,139.85,20
1584,TRF,INE391D01019,255.55,20
1585,KOKUYOCMLN,INE760A01029,144.65,20
1586,JINDALSTEL,INE749A01030,757.15,20
1587,ALPL30IETF,INF109KC1N59,249.22,20
1588,360ONE,INE466L01038,620.05,20
1589,BLS,INE153T01027,420,20
1590,LAGNAM,INE548Z01017,91.55,22.35
1591,BLISSGVS,INE416D01022,112.3,20
1592,INDIAMART,INE933S01016,2521.35,20
1593,EMMBI,INE753K01015,127.65,20
1594,KOTARISUG,INE419A01022,58,20
1595,VGUARD,INE951I01027,292.4,20
1596,QUESS,INE615P01015,504.25,20
1597,GRINFRA,INE201P01022,1214.95,20
1598,MUKANDLTD,INE304A01026,186.05,20
1599,DSPPSBKETF,INF740KA1SY9,64.3,20
1600,LOWVOLIETF,INF109KB10T8,188.76,20
1601,QUAL30IETF,INF109KC15T5,185.41,20
1602,UTTAMSUGAR,INE786F01031,365.7,20
1603,MANYAVAR,INE825V01034,1003.5,20
1604,INDIASHLTR,INE922K01024,612.55,20
1605,BBL,INE464A01028,5265.9,20
1606,DYNAMATECH,INE221B01012,6399.15,20
1607,CESC,INE486A01021,143.1,20
1608,KICL,INE029L01018,3767.65,20
1609,SHEMAROO,INE363M01019,219.75,24.17
1610,SJS,INE284S01014,601.6,20
1611,KRSNAA,INE08LI01020,697.2,20
1612,PANAMAPET,INE305C01029,359.2,20
1613,VENKEYS,INE398A01010,1974.25,20
1614,ADANIPOWER,INE814H01011,562.7,100
1615,ESABINDIA,INE284A01012,5499.45,20
1616,TEXINFRA,INE435C01024,117,21.55
1617,HEIDELBERG,INE578A01017,234.55,20
1618,FINIETF,INF109KC17L8,22.83,20
1619,LUXIND,INE150G01020,1246.35,20
1620,GSFC,INE026A01025,299.4,20
1621,VIMTALABS,INE579C01029,454.05,20
1622,ALEMBICLTD,INE426A01027,93.75,20
1623,SURAJEST,INE843S01025,342.25,20
1624,BHARATGEAR,INE561C01019,119.5,20
1625,COALINDIA,INE522F01014,406.15,11.42
1626,RAJRATAN,INE451D01029,680.95,20
1627,SUNTECK,INE805D01034,469.7,20
1628,MEDANTA,INE474Q01031,1148.3,20
1629,KALAMANDIR,INE438K01021,243.4,20
1630,INDTERRAIN,INE611L01021,74.95,20.51
1631,GLAXO,INE159A01016,2249.9,20
1632,VSTIND,INE710A01016,3700.9,20
1633,ASAHIINDIA,INE439A01020,524.95,20
1634,ADVANIHOTR,INE199C01026,159.35,20
1635,EXXARO,INE0GFE01018,118.35,20
1636,PFC,INE134E01011,443.25,20
1637,SNOWMAN,INE734N01019,71.9,20
1638,CGCL,INE180C01026,947.65,20
1639,HGS,INE170I01016,983.05,20
1640,LASA,INE670X01014,31.9,24.29
1641,ARIHANTSUP,INE643K01018,384.7,21.24
1642,CRAFTSMAN,INE00LO01017,4376.3,20
1643,MANORAMA,INE00VM01010,1871.75,20
1644,ABAN,INE421A01028,82.5,20
1645,DSPNEWETF,INF740KA1QK2,277.28,20
1646,XCHANGING,INE692G01013,113.7,20
1647,CAPTRUST,INE707C01018,111.1,21.98
1648,MANINDS,INE993A01026,437.1,22.76
1649,MANAKSIA,INE015D01022,133.25,20
1650,LIQUIDSBI,INF200KA13Z8,1000,10
1651,PRECAM,INE484I01029,234.95,22.56
1652,SGBFEB29XI,IN0020200393,6271.42,10
1653,KCP,INE805C01028,195.95,20
1654,SGBJAN27,IN0020180462,6260,10
1655,ZYDUSWELL,INE768C01010,1614.95,20
1656,LUMAXTECH,INE872H01027,389.7,20
1657,ICIL,INE483B01026,278.15,20
1658,JAGSNPHARM,INE048B01027,373.2,20
1659,HEG,INE545A01016,1758.9,20
1660,ELECON,INE205B01023,1100.6,20
1661,SUBROS,INE287B01021,663.25,20
1662,SHYAMMETL,INE810G01011,704.8,20
1663,INOXWIND,INE066P01011,478,22.41
1664,SHIVALIK,INE788J01021,716.05,20
1665,CROMPTON,INE299U01018,302.95,20
1666,JPPOWER,INE351F01018,18.55,23.87
1667,PVTBANIETF,INF109KC1E35,234.95,20
1668,GALLANTT,INE297H01019,191.8,22.23
1669,EBBETF0433,INF754K01QX0,1084.87,20
1670,SETFNIFBK,INF200KA1580,464.9,20
1671,KOTAKMNC,INF174KA1JF2,24.43,20
1672,WELCORP,INE191B01025,587.4,20
1673,HDFCGOLD,INF179KC1981,54.68,20
1674,DEEPINDS,INE0FHS01024,257,20
1675,CAMPUS,INE278Y01022,275.8,20
1676,AMIORG,INE00FF01017,1163.35,20
1677,DHRUV,INE506Z01015,62.4,20
1678,TECHNOE,INE285K01026,817.75,20
1679,JSL,INE220G01021,576.8,20
1680,RANEENGINE,INE222J01013,443.15,20
1681,SGBFEB27,IN0020180561,6250,10
1682,PODDARMENT,INE371C01013,369.7,20
1683,JMA,INE412C01023,123.55,20
1684,CSLFINANCE,INE718F01018,451.5,20
1685,ESAFSFB,INE818W01011,69.25,20
1686,MUTHOOTCAP,INE296G01013,329.05,20
1687,GREAVESCOT,INE224A01026,163.7,20
1688,BHARATWIRE,INE316L01019,354.95,100
1689,SCHAND,INE807K01035,268.05,20
1690,MOL,INE0CT101020,87.15,20
1691,EASEMYTRIP,INE07O001026,47.15,20
1692,PPAP,INE095I01015,242,20.95
1693,BASML,INE186H01022,57.45,20
1694,MONQ50,INF247L01AU3,57.57,6
1695,VINDHYATEL,INE707A01012,2448.7,20
1696,RPSGVENT,INE425Y01011,760.15,20
1697,MTARTECH,INE864I01014,2100.55,20
1698,KPIL,INE220B01022,795.3,20
1699,AARTIIND,INE769A01020,659.1,20
1700,JAGRAN,INE199G01027,100.3,20
1701,RANASUG,INE625B01014,23.85,20
1702,NETWORK18,INE870H01013,117,100
1703,VOLTAMP,INE540H01012,8054.3,20
1704,IRCTC,INE335Y01020,977.2,20
1705,SALASAR,INE170V01027,128.35,24.05
1706,BANKIETF,INF109KC15I8,46.42,20
1707,FACT,INE188A01015,862.55,26.46
1708,NUVAMA,INE531F01015,3574.7,20
1709,KHAICHEM,INE745B01028,87.65,20
1710,RKFORGE,INE399G01023,763.45,20
1711,HITECHGEAR,INE127B01011,478,20.19
1712,SAPPHIRE,INE806T01012,1450.55,20
1713,MASPTOP50,INF769K01HP3,36.68,6
1714,IGARASHI,INE188B01013,560.3,20
1715,TARSONS,INE144Z01023,484.3,20
1716,SGBJAN29X,IN0020200385,6223.81,10
1717,KSL,INE907A01026,610,20
1718,TEAMLEASE,INE985S01024,2866.6,20
1719,GNFC,INE113A01013,751.1,20
1720,DELPHIFX,INE726L01019,285.05,20.85
1721,HTMEDIA,INE501G01024,32.55,20
1722,VISHWARAJ,INE430N01022,17.35,20
1723,ETHOSLTD,INE04TZ01018,2498.3,20
1724,KANORICHEM,INE138C01024,132.25,20.32
1725,5PAISA,INE618L01018,601.7,20
1726,TCI,INE688A01022,938.7,20
1727,KPITTECH,INE04I401011,1550.8,20
1728,SAGARDEEP,INE976T01013,29.95,100
1729,VIPCLOTHNG,INE450G01024,46.4,20
1730,DCMSHRIRAM,INE499A01024,1039.95,20
1731,TTKHLTCARE,INE910C01018,1480.4,20
1732,LTTS,INE010V01017,5583.95,20
1733,GRAPHITE,INE371A01025,544.8,20
1734,MAXHEALTH,INE027H01010,780.8,20
1735,GODREJAGRO,INE850D01014,555.85,20
1736,JKIL,INE576I01022,641.6,20
1737,IDEA,INE669E01016,14.35,23.36
1738,SJVN,INE002L01015,131.8,20.92
1739,AIAENG,INE212H01026,4107.35,20
1740,UFLEX,INE516A01017,464,20
1741,ALLCARGO,INE418H01029,81.2,20
1742,RITES,INE320J01015,743.25,20
1743,EPL,INE255A01020,202.1,20
1744,IKIO,INE0LOJ01019,333.75,20
1745,MARICO,INE196A01026,527.85,20
1746,APEX,INE346W01013,253.8,20
1747,SANDESH,INE583B01015,1273.7,20
1748,GRANULES,INE101D01020,415.7,20
1749,ICICIBANK,INE090A01021,1028.15,9
1750,AXISTECETF,INF846K01Y96,384.29,20
1751,SBIETFIT,INF200KA1S14,387.46,20
1752,HDFCSML250,INF179KC1FB2,151.42,6
1753,ZENTEC,INE251B01027,840.4,20
1754,ASIANPAINT,INE021A01026,2957.85,9
1755,AVONMORE,INE323B01016,118.2,20
1756,RIIL,INE046A01015,1410.4,20
1757,COFFEEDAY,INE335K01011,59.1,27.02
1758,PRIVISCL,INE959A01019,1227.1,20
1759,FMGOETZE,INE529A01010,371.9,20
1760,BALMLAWRIE,INE164A01016,284.8,20
1761,KAMATHOTEL,INE967C01018,320.3,20.64
1762,GICHSGFIN,INE289B01019,256.2,20
1763,SURYODAY,INE428Q01011,166.7,20
1764,CASTROLIND,INE172A01027,196.7,20
1765,HDFCLIQUID,INF179KC1HE2,999.99,10
1766,IRB,INE821I01022,66.1,21.17
1767,NELCAST,INE189I01024,161.4,20
1768,OCCL,INE321D01016,869.55,20
1769,TAJGVK,INE586B01026,256.45,20
